month,config,WAPE_score,MAE,bias
2025-04,base,0.8335169726681726,164.89984567901234,0.9981302817574826
2025-04,extra_external,0.8391562478869272,159.3141975308642,1.0091324349362834
2025-05,base,0.8362289721861027,146.7707586618877,1.097464329413188
2025-05,extra_external,0.8191962533751069,162.03539426523298,1.0920454046713912
2025-06,base,0.8555944415351467,123.79182098765432,1.092653941373053
2025-06,extra_external,0.8720283233786146,109.70385802469136,1.0869755641600225
2025-07,base,0.7930719222083571,167.11469534050178,1.1336458009206969
2025-07,extra_external,0.7531299952142103,199.37171445639189,1.1893109781142333
2025-08,base,0.8594585249615959,111.45041816009558,1.0561760797164133
2025-08,extra_external,0.8407198373928927,126.31033452807647,1.111084560471786
2025-09,base,0.8937347890119449,100.81574074074074,1.0246283350626089
2025-09,extra_external,0.8844757074766572,109.6,0.9921782444537757
2025-10,base,0.908186838776549,90.58990442054959,0.9803959853918898
2025-10,extra_external,0.9039993267529285,94.72162485065711,0.9695021386135833
