config,fold,n_feat,WAPE_score,MAE
base (v2+cross_route),valid_2025-08,31,0.886057719504119,88.58895502645503
base (v2+cross_route),valid_2025-09,31,0.8981917996032972,95.86507936507937
base (v2+cross_route),test_2025-10,31,0.908186838776549,90.58990442054959
+ световой день,valid_2025-08,33,0.8873481633717248,87.58564814814815
+ световой день,valid_2025-09,33,0.8801112003910837,112.89021164021165
+ световой день,test_2025-10,33,0.9110719022726176,87.74327956989248
+ отопление HDD,valid_2025-08,34,0.8827027355793748,91.19742063492063
+ отопление HDD,valid_2025-09,34,0.8979860030230323,96.05886243386243
+ отопление HDD,test_2025-10,34,0.90684594493511,91.91293309438471
+ нефть и курс,valid_2025-08,33,0.8808606418448328,92.62962962962963
+ нефть и курс,valid_2025-09,33,0.8960937982884467,97.84060846560847
+ нефть и курс,test_2025-10,33,0.8974253294377433,101.20803464755078
+ всё новое,valid_2025-08,38,0.8726360824948355,99.02414021164022
+ всё новое,valid_2025-09,38,0.8858612130338771,107.47585978835978
+ всё новое,test_2025-10,38,0.9039993267529285,94.72162485065711
