feature,importance,share
days_to_holiday,1837,0.11092995169082126
days_after_holiday,1420,0.08574879227053141
hist_rhd_mean,1149,0.06938405797101449
temperature_2m,1145,0.06914251207729469
hour,1038,0.06268115942028986
hist_rhd_med,759,0.04583333333333333
snow_depth,743,0.04486714975845411
route_share_hd,732,0.04420289855072464
hist_rd_med,710,0.042874396135265704
route,684,0.041304347826086954
relative_humidity_2m,636,0.03840579710144928
hist_rh_mean,631,0.03810386473429952
wind_speed_10m,601,0.036292270531400966
hist_rhe_mean,578,0.034903381642512075
city_hd_med,572,0.034541062801932365
trend_ratio,559,0.033756038647342994
recent_rhd_med,464,0.028019323671497585
dow,395,0.023852657004830916
hist_rh_med,323,0.019504830917874395
cloud_cover,294,0.017753623188405798
is_official_holiday,253,0.015277777777777777
precipitation,228,0.013768115942028985
hist_rd_mean,210,0.012681159420289856
recent_rh_mean,163,0.009842995169082125
hist_r_mean,106,0.006400966183574879
recent_rh_med,87,0.005253623188405797
snowfall,80,0.004830917874396135
hist_r_std,72,0.004347826086956522
is_weekend,70,0.004227053140096618
is_preholiday,21,0.0012681159420289854
city_trend_ratio,0,0.0
