feature,importance
hist_rhd_mean,2315
days_to_holiday,2234
relative_humidity_2m,2167
temperature_2m,2023
hist_rh_mean,1767
days_after_holiday,1763
hour,1367
hist_rd_med,1350
wind_speed_10m,1251
hist_rhe_mean,1238
snow_depth,1173
hist_rd_mean,837
hist_rhd_med,791
route,749
cloud_cover,684
trend_ratio,637
recent_rhd_med,476
dow,451
hist_rh_med,433
hist_r_mean,366
is_official_holiday,268
precipitation,261
recent_rh_mean,227
is_weekend,205
snowfall,132
hist_r_std,112
recent_rh_med,88
is_preholiday,15
